<?xml version="1.0" encoding="utf-8" ?>
<control xmlns:def="Definition" xmlns="http://schemas.sitecore.net/Visual-Studio-Intellisense">
  <Aliases>
    <FormDialog Icon="Network/24x24/spy.png" Header="Aliases" Text="Add or remove URL aliases for the current item." CancelButton="false">

      <CodeBeside Type="Sitecore.Foundation.MultiSiteAliases.SheerWindow.NextGenAliasesForm,Sitecore.Foundation.MultiSiteAliases"/>

      <Stylesheet>
        hr {
        display: block;
        margin-top: 0.5em;
        margin-bottom: 0.5em;
        margin-left: auto;
        margin-right: auto;
        border-style: inset;
        border-width: 1px;
        }
        .optionButtons {
        position: absolute;
        top: 25px;
        right: 0;
        width: 90px;
        text-align: right;
        white-space: normal;
        }
        .scFormDialogFooter {
        visibility: hidden;
        }
        .optionButtons > .scButton:first-child {
        margin-top:0;
        }

        .aliasesContainer {
        position: relative;
        margin-right: 90px;
        height: 100%;
        }

        .aliasesContainer > input {
        width: 100%;
        }

        .aliasesListContainer {
        position: absolute;
        top: 75px;
        bottom: 0;
        left: 0;
        right: 0;
        }
      </Stylesheet>


      <Script>
        function scCreateAlias(id, header, value) {
        var list = $("ExistingAliases");

        var option = document.createElement("option");
        list.options.add(option);

        option.setAttribute("id", id);
        option.setAttribute("value", value);
        option.innerHTML = header;
        }

        function scRemoveAllAlias() {
        var list = $("ExistingAliases");
        for (var n = list.length - 1; n >= 0; n--) {
        list.options.remove(n);
        }
        }
      </Script>

      <div>
        <Label Class="scFieldLabel" For="NewALias">
          <Literal text="Name:"/>
        </Label>
        <Edit ID="NewAlias" Class="scIgnoreModified"/>
        <Label Class="scFieldLabel" For="NewAliases">
          <Literal text="Available Sites: Do select from below, where you want Above Aliases to Apply"/>
        </Label>

        <Listbox ID="NewAliases" class="" Size="5" Multiple="true"/>
        <Button ID="Add" Header="Add" Click="Add_Click" Style="margin-bottom:15px;"/>

        <hr/>
        <Label Class="scFieldLabel" For="ExistingAliasesLbl">
          <Literal text="Existing Aliases:"/>
        </Label>
        <Listbox ID="ExistingAliases" class="" Size="5" Multiple="true"/>

        <Button ID="Remove" Header="Remove" Click="Remove_Click"/>
      </div>
    </FormDialog>
  </Aliases>
</control>
